Name,Address,Gender,Designation,Age
Antonio J. Forbes,"403 Snyder Avenue Charlotte, NC 28208",Male,Faller,28
Barbra K. Hurley,"1241 Canis Heights Drive Los Angeles, CA 90017",Female,Service technician,27
Charles D. Horst,"1636 Walnut Hill Drive Cincinnati, OH 45202",Male,Financial investigator,29
Donna Parker,"4781 Apple Lane Peoria, IL 61602",Female,Machine operator,26
Flora Reed,"4000 Hamilton Drive Cambridge, MD 21613",Female,Machine offbearer,27
Jarrod D. Jones,"3827 Bingamon Road, Garfield Heights, OH 44125",Male,Manpower development advisor,24
Louis C. Charmis,"1462 Juniper Drive Breckenridge, MI 48612",Male,Mental health counselor,30
Martha B. Tomlinson,"4005 Bird Spring Lane, Houston, TX 77002",Female,Systems programmer,28
Nathaniel Leger,"3200 Harley Brook Lane Meadville, PA 16335",Male,Nurse,21
Steve John,"108, Vile Parle, CL",Male,Software Engineer,29
William Lewter,"168 Little Acres Lane Decatur, IL 62526",Male,Process engineer,25
